section_no,file,source_pdf_page,book_title,detected_width_mm,detected_height_mm,scale_applied,dimension_matches,match_cost,confidence,contours,method,family_template,weight_kg_m,notes
70S-1001-1,70S-1001-1.dxf,14,70mm  Sliding,69.861,32.064,1.003196,W:70; H:32,4.02,HIGH,1,catalogue_trace,,,
70S-1101-1,70S-1101-1.dxf,14,70mm  Sliding,69.852,30.064,1.003064,H:30; W:70,4.4,HIGH,1,catalogue_trace,,,
70S-1201-1,70S-1201-1.dxf,14,70mm  Sliding,72.856,25.05,1.002917,W:73; H:25,6.61,HIGH,1,catalogue_trace,,,
70S-1401,70S-1401.dxf,14,70mm  Sliding,27.966,32.039,1.002434,W:28; H:32,5.27,HIGH,1,catalogue_trace,,,
70S-1501,70S-1501.dxf,14,70mm  Sliding,22.0,56.383,1.005193,W:22,3.86,MEDIUM,1,catalogue_trace,,,
70S-1701,70S-1701.dxf,14,70mm  Sliding,29.948,26.045,1.002026,W:30; H:26,0.01,HIGH,2,catalogue_trace,,,
70S-1006,70S-1006.dxf,15,70mm  Sliding,69.876,60.106,1.003418,W:70; H:60,0.24,HIGH,2,catalogue_trace,,,
70S-1206,70S-1206.dxf,15,70mm  Sliding,69.852,30.064,1.003064,H:30; W:70,4.28,HIGH,3,catalogue_trace,,,
70S-1304,70S-1304.dxf,15,70mm  Sliding,70.0,30.067,1.004583,W:70; H:30; H:31,5.87,MEDIUM,2,catalogue_trace,,,
70S-1601,70S-1601.dxf,15,70mm  Sliding,29.962,32.041,1.002485,W:30; H:30; W:32; H:32,1.76,HIGH,2,catalogue_trace,,,
70S-1601A,70S-1601A.dxf,15,70mm  Sliding,49.901,32.064,1.003196,W:50; H:32,4.53,HIGH,2,catalogue_trace,,,
70S-1914,70S-1914.dxf,15,70mm  Sliding,30.345,16.0,1.002527,W:29; W:30.4; H:16,3.81,MEDIUM,1,catalogue_trace,,,
70SFL-101,70SFL-101.dxf,19,70mm  Sliding & Fixed,70.0,22.809,1.005193,W:70,3.9,MEDIUM,1,catalogue_trace,,,
70SFL-102,70SFL-102.dxf,19,70mm  Sliding & Fixed,73.0,22.73,1.005487,W:73,4.11,MEDIUM,1,catalogue_trace,,,
70SFL-103,70SFL-103.dxf,19,70mm  Sliding & Fixed,69.912,61.077,1.003315,W:70; H:61,2.15,HIGH,2,catalogue_trace,,,
GL-107,GL-107.dxf,19,70mm  Sliding & Fixed,33.378,17.927,1.008252,W:33.8; H:17.7; H:19,6.92,MEDIUM,1,catalogue_trace,,,
70S-1002-1,70S-1002-1.dxf,23,Single  Sliding,39.947,33.445,1.003852,W:40; H:33.4,-0.07,HIGH,1,catalogue_trace,,,
70S-1102-1,70S-1102-1.dxf,23,Single  Sliding,39.94,20.331,1.002613,H:20.3; W:40,2.01,HIGH,1,catalogue_trace,,,
70S-1202-1,70S-1202-1.dxf,23,Single  Sliding,39.95,23.63,1.003928,H:23.6; W:40,1.01,HIGH,1,catalogue_trace,,,
70S-1402-1,70S-1402-1.dxf,23,Single  Sliding,22.034,31.95,1.000961,H:32; W:22,2.79,HIGH,1,catalogue_trace,,,
70S-1701A,70S-1701A.dxf,23,Single  Sliding,49.92,26.042,1.001884,H:26; W:50,1.03,HIGH,2,catalogue_trace,,,
70S-1801,70S-1801.dxf,23,Single  Sliding,22.033,29.956,1.000872,H:30; W:22,6.04,HIGH,1,catalogue_trace,,,
70S-1802,70S-1802.dxf,23,Single  Sliding,21.994,56.216,1.002971,W:22; H:56.2,2.61,HIGH,2,catalogue_trace,,,
80S-2002,80S-2002.dxf,25,80mm  Sliding,78.984,33.4,0.992423,W:80; H:33.1; H:33.1; H:33.7,4.95,HIGH,1,catalogue_trace,,,
80S-2101,80S-2101.dxf,25,80mm  Sliding,79.847,37.672,1.003267,H:37.6; W:80,8.92,HIGH,1,catalogue_trace,,,
80S-2501,80S-2501.dxf,25,80mm  Sliding,28.915,58.0,1.00152,H:58,1.44,MEDIUM,1,catalogue_trace,,,
80S-2601,80S-2601.dxf,25,80mm  Sliding,45.948,37.242,1.003124,H:37.2; W:46,1.15,HIGH,2,catalogue_trace,,,
80SFL-1001,80SFL-1001.dxf,25,80mm  Sliding,22.663,23.035,0.976891,W:23.2; H:23.2; W:22.5; H:22.5,3.45,MEDIUM,1,catalogue_trace,,,
80S-2201,80S-2201.dxf,26,80mm  Sliding,79.979,33.709,0.999085,W:80; H:33.7,3.21,HIGH,3,catalogue_trace,,,
80S-2601H,80S-2601H.dxf,26,80mm  Sliding,45.97,37.224,0.998081,W:46; H:37.2,1.03,HIGH,2,catalogue_trace,,,
80S-2701,80S-2701.dxf,26,80mm  Sliding,54.938,29.033,0.99827,W:55; H:29,0.55,HIGH,2,catalogue_trace,,,
80S-2701H,80S-2701H.dxf,26,80mm  Sliding,54.978,29.012,0.998997,H:29; W:55,0.01,HIGH,2,catalogue_trace,,,
80S-2801,80S-2801.dxf,26,80mm  Sliding,26.061,62.852,0.997773,H:63; W:26,0.14,HIGH,2,catalogue_trace,,,
80S-2901,80S-2901.dxf,26,80mm  Sliding,40.512,24.992,0.998938,W:40.5; H:25,2.74,HIGH,1,catalogue_trace,,,
80S-2001A,80S-2001A.dxf,27,80mm  Sliding,119.454,33.713,0.999206,H:33.7; W:119.5,2.48,HIGH,1,catalogue_trace,,,
80S-2202,80S-2202.dxf,27,80mm  Sliding,79.978,63.018,0.999065,H:63; W:80,7.78,HIGH,2,catalogue_trace,,,
80S-2301,80S-2301.dxf,27,80mm  Sliding,80.008,61.994,0.99892,W:80; H:62,8.78,HIGH,2,catalogue_trace,,,
SS-2101,SS-2101.dxf,27,80mm  Sliding,42.497,24.501,0.997889,H:24.5; W:42.5,3.9,HIGH,1,catalogue_trace,,,
80S-2001,80S-2001.dxf,34,80mm  Sliding & Fixed,79.897,33.744,1.003896,W:80; H:33.7,1.94,HIGH,1,catalogue_trace,,,
80S-2102,80S-2102.dxf,34,80mm  Sliding & Fixed,79.773,43.624,1.003404,H:43.5; W:80,10.49,HIGH,1,catalogue_trace,,,
80S-2602,80S-2602.dxf,34,80mm  Sliding & Fixed,45.741,43.2,1.000463,W:46; H:46; W:43.2; H:43.2,0.97,MEDIUM,2,catalogue_trace,,,
GL-110,GL-110.dxf,34,80mm  Sliding & Fixed,31.338,22.3,0.997674,H:22.3; W:31.5; H:22.3,8.97,HIGH,1,catalogue_trace,,,
GL-111,GL-111.dxf,34,80mm  Sliding & Fixed,41.925,22.34,1.001364,H:22.3; H:22.5; W:42; W:39.7,6.86,MEDIUM,1,catalogue_trace,,,
GL-112,GL-112.dxf,34,80mm  Sliding & Fixed,80.793,31.019,0.99557,H:30.94; W:81,2.7,HIGH,1,catalogue_trace,,,
80S-2302,80S-2302.dxf,35,80mm  Sliding & Fixed,79.985,66.012,1.00022,H:66; W:80,4.69,HIGH,2,catalogue_trace,,,
80SFL-1002,80SFL-1002.dxf,35,80mm  Sliding & Fixed,79.877,38.86,0.998861,H:38.8; W:80,4.38,HIGH,1,catalogue_trace,,,
80SFL-1004,80SFL-1004.dxf,35,80mm  Sliding & Fixed,79.973,37.913,0.999533,W:80; H:37.9,2.03,HIGH,1,catalogue_trace,,,
HDR-104,HDR-104.dxf,43,Single  Sliding,37.129,4.572,1.00929,W:36.9; H:4.6,1.53,HIGH,1,catalogue_trace,,,
SS-2001,SS-2001.dxf,43,Single  Sliding,40.419,40.08,1.002932,W:40; H:40; W:40.5; H:40.5,0.01,HIGH,1,catalogue_trace,,,
100D-101,100D-101.dxf,47,100mm  Door  (1.6mm Thk),65.958,45.029,0.998754,H:45; W:66,-0.44,HIGH,2,catalogue_trace,,,
100D-102,100D-102.dxf,47,100mm  Door  (1.6mm Thk),70.009,44.994,0.999858,W:70; H:45,1.49,HIGH,2,catalogue_trace,,,
100D-103,100D-103.dxf,47,100mm  Door  (1.6mm Thk),69.911,45.057,0.998451,H:45; W:70,1.48,HIGH,2,catalogue_trace,,,
100D-201,100D-201.dxf,48,100mm  Door  (1.6mm Thk),79.98,42.211,0.999097,H:42.2; W:80,-0.21,HIGH,2,catalogue_trace,,,
100D-301,100D-301.dxf,48,100mm  Door  (1.6mm Thk),99.959,42.217,0.999256,H:42.2; W:100,6.4,HIGH,2,catalogue_trace,,,
100D-401,100D-401.dxf,48,100mm  Door  (1.6mm Thk),119.878,42.243,0.998862,H:42.2; W:120,107.62,HIGH,2,catalogue_trace,,,
100D-501,100D-501.dxf,49,100mm  Door  (1.6mm Thk),16.077,15.022,0.996756,W:15; H:15; W:16.1; H:16.1,0.35,HIGH,1,catalogue_trace,,,
BD-1068,BD-1068.dxf,49,100mm  Door  (1.6mm Thk),101.529,40.028,0.998465,H:40; W:101.6,7.14,HIGH,1,catalogue_trace,,,
100D-1914,100D-1914.dxf,50,100mm  Door,15.616,14.985,0.994292,W:15.6; H:15.6; W:15; H:15,2.5,MEDIUM,1,catalogue_trace,,,
100D-1917,100D-1917.dxf,50,100mm  Door,40.337,16.726,0.997741,H:16.7; W:40.4,5.0,HIGH,1,catalogue_trace,,,
100D-3004-A,100D-3004-A.dxf,50,100mm  Door,79.93,45.04,0.998995,W:80; H:45,1.93,HIGH,2,catalogue_trace,,,
100D-302,100D-302.dxf,50,100mm  Door,47.951,42.243,0.998862,W:48; H:42.2,6.15,HIGH,2,catalogue_trace,,,
100D-3503,100D-3503.dxf,50,100mm  Door,65.002,44.998,0.999017,W:65; H:45,1.6,HIGH,2,catalogue_trace,,,
100D-3503A,100D-3503A.dxf,50,100mm  Door,64.981,45.013,0.999342,W:65; H:45,0.86,HIGH,2,catalogue_trace,,,
70D-1910,70D-1910.dxf,50,100mm  Door,18.0,12.042,0.998115,W:18,0.45,MEDIUM,1,catalogue_trace,,,
100D-3105,100D-3105.dxf,51,100mm  Door,100.033,45.0,0.999993,W:100; H:47.3; H:45,2.79,MEDIUM,1,catalogue_trace,,,
76D-3101,76D-3101.dxf,51,100mm  Door,76.2,35.202,0.999445,H:36; W:76.2; H:35.2,2.28,MEDIUM,1,catalogue_trace,,,
76D-3102,76D-3102.dxf,51,100mm  Door,76.2,45.06,0.999445,W:76.2; H:45; H:47.3,2.86,MEDIUM,1,catalogue_trace,,,
CA-1007,CA-1007.dxf,55,41mm  Casement & Louver,40.962,31.029,1.002693,W:41; H:31,4.02,HIGH,1,catalogue_trace,,,
CA-1008,CA-1008.dxf,55,41mm  Casement & Louver,40.935,46.073,1.00308,W:41; H:46,2.79,HIGH,2,catalogue_trace,,,
CA-2004,CA-2004.dxf,55,41mm  Casement & Louver,34.873,40.0,1.000934,W:35; W:33; H:40,3.25,MEDIUM,2,catalogue_trace,,,
DG-01,DG-01.dxf,55,41mm  Casement & Louver,34.538,52.594,1.00353,W:34.6; H:52.5,15.08,HIGH,1,catalogue_trace,,,
DG-101,DG-101.dxf,55,41mm  Casement & Louver,36.953,20.025,1.002198,W:37; H:20,1.26,HIGH,1,catalogue_trace,,,
GL-120,GL-120.dxf,57,41mm Lapped Casement,31.253,17.757,0.99631,W:31.3; H:17.73,5.55,HIGH,1,catalogue_trace,,,
LCA-107,LCA-107.dxf,57,41mm Lapped Casement,41.045,37.959,0.998513,H:38; W:41,9.31,HIGH,1,catalogue_trace,,,
LCA-108,LCA-108.dxf,57,41mm Lapped Casement,35.042,53.936,0.998496,H:54; W:35,2.78,HIGH,2,catalogue_trace,,,
LCA-205,LCA-205.dxf,57,41mm Lapped Casement,35.038,50.0,0.998396,H:50,1.87,MEDIUM,2,catalogue_trace,,,
70SM-1011,70SM-1011.dxf,60,60mm  Casement,49.936,50.064,1.003061,W:50; H:50; W:50; H:50,7.33,HIGH,1,catalogue_trace,,,
CA-1009,CA-1009.dxf,60,60mm  Casement,60.0,39.191,1.005193,W:60; H:39; H:41,4.76,MEDIUM,1,catalogue_trace,,,
CA-1010,CA-1010.dxf,60,60mm  Casement,49.884,41.096,1.002857,W:50; H:41,5.69,HIGH,2,catalogue_trace,,,
CA-1011,CA-1011.dxf,62,70mm  Casement,70.0,48.024,1.002147,W:70,8.83,MEDIUM,1,catalogue_trace,,,
CA-1012,CA-1012.dxf,62,70mm  Casement,69.942,66.0,1.00132,W:70; H:70; W:66; H:66,3.74,MEDIUM,2,catalogue_trace,,,
CA-2005,CA-2005.dxf,62,70mm  Casement,35.0,40.0,1.000934,W:33; W:35; H:40,3.18,MEDIUM,2,catalogue_trace,,,
CA-2009,CA-2009.dxf,62,70mm  Casement,40.977,57.733,1.002028,H:57.7; W:41,0.94,HIGH,2,catalogue_trace,,,
ALU-07,ALU-07.dxf,67,76mm Shopfront,76.141,31.75,0.998668,H:31.75,1.84,MEDIUM,1,catalogue_trace,,,
SPR-4521,SPR-4521.dxf,67,76mm Shopfront,50.0,25.826,1.000087,W:50,1.55,MEDIUM,1,catalogue_trace,,,
SPR-4522,SPR-4522.dxf,67,76mm Shopfront,76.17,31.762,0.999057,H:31.75; W:76.2,6.16,HIGH,2,catalogue_trace,,,
PT-5157,PT-5157.dxf,72,Partition,75.756,23.074,1.00196,W:76; H:23,2.08,HIGH,1,catalogue_trace,,,
PT-5158,PT-5158.dxf,72,Partition,76.0,5.106,1.005193,W:76,1.27,MEDIUM,1,catalogue_trace,,,
PT-5159,PT-5159.dxf,72,Partition,76.0,38.17,1.005193,W:76,3.49,MEDIUM,1,catalogue_trace,,,
PT-5153,PT-5153.dxf,73,76mm Partition,22.962,5.008,1.002599,W:23; H:5,0.67,HIGH,1,catalogue_trace,,,
PT-5154,PT-5154.dxf,73,76mm Partition,59.873,5.011,1.003064,W:60; H:5,1.47,HIGH,1,catalogue_trace,,,
PT-5160,PT-5160.dxf,73,76mm Partition,76.073,76.328,1.003347,W:76.2; H:76.2; W:76.2; H:76.2,6.62,HIGH,1,catalogue_trace,,,
PT-65154,PT-65154.dxf,74,100mm Partition,98.533,5.076,0.99087,W:100; H:5,0.19,MEDIUM,1,catalogue_trace,,,
PT-65157,PT-65157.dxf,74,100mm Partition,99.788,50.106,1.003064,H:50; W:100,4.0,HIGH,1,catalogue_trace,,,
PT-65158,PT-65158.dxf,74,100mm Partition,99.251,7.053,0.99767,W:100; H:7,0.38,HIGH,1,catalogue_trace,,,
CW-101,CW-101.dxf,76,Curtain Wall,97.768,45.107,1.002375,W:98; H:45,5.77,HIGH,2,catalogue_trace,,,
CW-102,CW-102.dxf,76,Curtain Wall,44.93,58.591,1.002207,H:58.5; W:45,4.79,HIGH,2,catalogue_trace,,,
CW-103,CW-103.dxf,76,Curtain Wall,47.341,52.3,1.001161,H:52.3,4.29,MEDIUM,2,catalogue_trace,,,
CW-104,CW-104.dxf,76,Curtain Wall,40.881,20.059,1.001745,W:41; H:20,2.11,HIGH,1,catalogue_trace,,,
CW-201,CW-201.dxf,78,Curtain Wall,84.984,45.009,0.999246,H:45; W:85,4.16,HIGH,2,catalogue_trace,,,
CW-201A,CW-201A.dxf,78,Curtain Wall,114.998,45.001,0.999073,W:115; H:45,3.39,HIGH,2,catalogue_trace,,,
CW-202,CW-202.dxf,78,Curtain Wall,41.968,14.511,0.999363,H:14.5; W:42,2.9,HIGH,1,catalogue_trace,,,
CW-202A,CW-202A.dxf,78,Curtain Wall,41.96,44.5,1.000172,W:44.5; H:44.5; W:42; H:42,4.24,MEDIUM,1,catalogue_trace,,,
CW-202B,CW-202B.dxf,78,Curtain Wall,41.968,14.511,0.999363,W:42; H:14.5,1.62,HIGH,1,catalogue_trace,,,
CW-203,CW-203.dxf,78,Curtain Wall,44.947,10.012,0.997882,W:45; H:10,3.69,HIGH,1,catalogue_trace,,,
CW-204,CW-204.dxf,79,Curtain Wall,60.722,52.871,0.986511,H:53.5; W:60,7.53,MEDIUM,1,catalogue_trace,,,
CW-205,CW-205.dxf,79,Curtain Wall,50.011,39.992,0.998607,H:40; W:50,1.95,HIGH,2,catalogue_trace,,,
CW-208,CW-208.dxf,79,Curtain Wall,67.459,41.025,0.999068,H:41; W:67.5,3.16,HIGH,2,catalogue_trace,,,
CW-209,CW-209.dxf,79,Curtain Wall,85.982,45.0,0.999053,H:45,3.07,MEDIUM,2,catalogue_trace,,,
CW-212,CW-212.dxf,79,Curtain Wall,18.018,41.958,0.999121,W:18; H:42,2.3,HIGH,1,catalogue_trace,,,
CW-213,CW-213.dxf,79,Curtain Wall,124.946,45.019,0.999485,W:125; H:45,6.83,HIGH,2,catalogue_trace,,,
ALU-282,ALU-282.dxf,83,Sun Louver,51.223,75.904,1.0,,11.05,LOW,1,catalogue_trace,,,
ALU-373,ALU-373.dxf,83,Sun Louver,46.033,83.9,0.99944,W:45; H:83.9; H:83.9,3.76,MEDIUM,1,catalogue_trace,,,
RS-102B,RS-102B.dxf,85,Roller Shutter,79.798,21.053,1.00266,H:21; W:80,0.71,HIGH,1,catalogue_trace,,,
RS-202,RS-202.dxf,85,Roller Shutter,90.772,15.539,1.002908,W:91; H:15.5,1.31,HIGH,1,catalogue_trace,,,
RS-202T,RS-202T.dxf,85,Roller Shutter,90.676,15.691,0.999045,H:15.6; W:91.2,-0.19,HIGH,1,catalogue_trace,,,
RS-101,RS-101.dxf,86,Roller Shutter,31.763,44.502,1.003081,H:44.45; W:31.8,10.68,HIGH,1,catalogue_trace,,,
RS-101B,RS-101B.dxf,86,Roller Shutter,38.054,55.066,1.002139,W:38.1; H:55,9.51,HIGH,1,catalogue_trace,,,
RS-103,RS-103.dxf,86,Roller Shutter,63.379,82.707,1.003451,H:82.55; W:63.5,11.51,HIGH,1,catalogue_trace,,,
RS-103B,RS-103B.dxf,86,Roller Shutter,63.396,82.686,1.003709,W:63.5; H:82.55,7.14,HIGH,1,catalogue_trace,,,
ALU-199,ALU-199.dxf,89,Cladding,40.042,39.958,0.998819,W:40; H:40; W:40; H:40,12.8,HIGH,1,catalogue_trace,,,
ALU-200,ALU-200.dxf,89,Cladding,39.986,15.005,0.998466,W:40; H:14; H:15; H:16,10.36,HIGH,1,catalogue_trace,,,
ALU-387,ALU-387.dxf,89,Cladding,33.938,7.514,0.997127,W:34; H:7.5,1.59,HIGH,1,catalogue_trace,,,
ALU-02,ALU-02.dxf,94,,17.372,4.407,1.010735,W:17.4; H:4.4,1.36,HIGH,1,catalogue_trace,,,
ALU-056,ALU-056.dxf,94,,29.337,7.027,1.0,,2.95,LOW,1,catalogue_trace,,,
23-0683,23-0683.dxf,95,Round Pipe & Plate,25.400,3.180,1.000000,PARAMETRIC TABLE,0,HIGH,parametric,parametric_from_table,plate,0.206,
23-0692,23-0692.dxf,95,Round Pipe & Plate,25.400,6.350,1.000000,PARAMETRIC TABLE,0,HIGH,parametric,parametric_from_table,plate,0.435,
23-700,23-700.dxf,95,Round Pipe & Plate,38.100,38.100,1.000000,PARAMETRIC TABLE,0,HIGH,parametric,parametric_from_table,round_pipe,0.621,
23-701,23-701.dxf,95,Round Pipe & Plate,25.400,25.400,1.000000,PARAMETRIC TABLE,0,HIGH,parametric,parametric_from_table,round_pipe,0.402,
PLT-01T,PLT-01T.dxf,95,Round Pipe & Plate,25.400,0.900,1.000000,PARAMETRIC TABLE,0,HIGH,parametric,parametric_from_table,plate,0.062,
PLT-02T,PLT-02T.dxf,95,Round Pipe & Plate,19.000,0.900,1.000000,PARAMETRIC TABLE,0,HIGH,parametric,parametric_from_table,plate,0.046,
PLT-03,PLT-03.dxf,95,Round Pipe & Plate,12.700,1.000,1.000000,PARAMETRIC TABLE,0,HIGH,parametric,parametric_from_table,plate,0.034,
RP-101-AT,RP-101-AT.dxf,95,Round Pipe & Plate,16.000,16.000,1.000000,PARAMETRIC TABLE,0,HIGH,parametric,parametric_from_table,round_pipe,0.115,
RP-102T,RP-102T.dxf,95,Round Pipe & Plate,25.400,25.400,1.000000,PARAMETRIC TABLE,0,HIGH,parametric,parametric_from_table,round_pipe,0.207,
RP-104-AT,RP-104-AT.dxf,95,Round Pipe & Plate,19.000,19.000,1.000000,PARAMETRIC TABLE,0,HIGH,parametric,parametric_from_table,round_pipe,0.138,
RP-105T,RP-105T.dxf,95,Round Pipe & Plate,9.530,9.530,1.000000,PARAMETRIC TABLE,0,HIGH,parametric,parametric_from_table,round_pipe,0.066,
RP-106T,RP-106T.dxf,95,Round Pipe & Plate,12.700,12.700,1.000000,PARAMETRIC TABLE,0,HIGH,parametric,parametric_from_table,round_pipe,0.090,
RP-107T,RP-107T.dxf,95,Round Pipe & Plate,31.750,31.750,1.000000,PARAMETRIC TABLE,0,HIGH,parametric,parametric_from_table,round_pipe,0.261,
RP-108,RP-108.dxf,95,Round Pipe & Plate,38.100,38.100,1.000000,PARAMETRIC TABLE,0,HIGH,parametric,parametric_from_table,round_pipe,0.376,
ST-1001,ST-1001.dxf,95,Round Pipe & Plate,19.000,3.000,1.000000,PARAMETRIC TABLE,0,HIGH,parametric,parametric_from_table,plate,0.154,
100D-3004,100D-3004.dxf,96,Rectangular Pipe & Square Pipe,100.000,45.000,1.000000,PARAMETRIC TABLE,0,HIGH,parametric,parametric_from_table,rectangular_pipe,0.925,
100D-3005,100D-3005.dxf,96,Rectangular Pipe & Square Pipe,100.000,45.000,1.000000,PARAMETRIC TABLE,0,HIGH,parametric,parametric_from_table,rectangular_pipe,1.226,
70S-3002,70S-3002.dxf,96,Rectangular Pipe & Square Pipe,70.000,30.000,1.000000,PARAMETRIC TABLE,0,HIGH,parametric,parametric_from_table,rectangular_pipe,0.633,
70S-3002-1,70S-3002-1.dxf,96,Rectangular Pipe & Square Pipe,76.000,38.000,1.000000,PARAMETRIC TABLE,0,HIGH,parametric,parametric_from_table,rectangular_pipe,0.724,
76P-1001,76P-1001.dxf,96,Rectangular Pipe & Square Pipe,76.000,76.000,1.000000,PARAMETRIC TABLE,0,HIGH,parametric,parametric_from_table,square_pipe,1.093,
P-1101-A,P-1101-A.dxf,96,Rectangular Pipe & Square Pipe,50.800,50.800,1.000000,PARAMETRIC TABLE,0,HIGH,parametric,parametric_from_table,square_pipe,0.643,
P-1102,P-1102.dxf,96,Rectangular Pipe & Square Pipe,38.000,38.000,1.000000,PARAMETRIC TABLE,0,HIGH,parametric,parametric_from_table,square_pipe,0.478,
P-1103-AT,P-1103-AT.dxf,96,Rectangular Pipe & Square Pipe,25.400,25.400,1.000000,PARAMETRIC TABLE,0,HIGH,parametric,parametric_from_table,square_pipe,0.239,
P-1104T,P-1104T.dxf,96,Rectangular Pipe & Square Pipe,19.000,19.000,1.000000,PARAMETRIC TABLE,0,HIGH,parametric,parametric_from_table,square_pipe,0.177,
P-1108T,P-1108T.dxf,96,Rectangular Pipe & Square Pipe,12.700,12.700,1.000000,PARAMETRIC TABLE,0,HIGH,parametric,parametric_from_table,square_pipe,0.115,
P-1113T,P-1113T.dxf,96,Rectangular Pipe & Square Pipe,50.800,25.400,1.000000,PARAMETRIC TABLE,0,HIGH,parametric,parametric_from_table,rectangular_pipe,0.362,
P-1114T,P-1114T.dxf,96,Rectangular Pipe & Square Pipe,76.200,25.400,1.000000,PARAMETRIC TABLE,0,HIGH,parametric,parametric_from_table,rectangular_pipe,0.538,
P-1115T,P-1115T.dxf,96,Rectangular Pipe & Square Pipe,38.000,25.400,1.000000,PARAMETRIC TABLE,0,HIGH,parametric,parametric_from_table,rectangular_pipe,0.300,
P-1116,P-1116.dxf,96,Rectangular Pipe & Square Pipe,140.000,50.800,1.000000,PARAMETRIC TABLE,0,HIGH,parametric,parametric_from_table,rectangular_pipe,2.217,
23-0672,23-0672.dxf,97,Equal Angle & Unequal Angle,76.200,50.800,1.000000,PARAMETRIC TABLE,0,HIGH,parametric,parametric_from_table,unequal_angle,2.095,Inside radius R=6.8 mm
23-0673,23-0673.dxf,97,Equal Angle & Unequal Angle,38.100,38.100,1.000000,PARAMETRIC TABLE,0,HIGH,parametric,parametric_from_table,equal_angle,0.934,Inside radius R=5.3 mm
23-0674,23-0674.dxf,97,Equal Angle & Unequal Angle,38.100,38.100,1.000000,PARAMETRIC TABLE,0,HIGH,parametric,parametric_from_table,equal_angle,0.643,Inside radius R=5.3 mm
23-0676,23-0676.dxf,97,Equal Angle & Unequal Angle,38.100,25.400,1.000000,PARAMETRIC TABLE,0,HIGH,parametric,parametric_from_table,unequal_angle,0.753,Inside radius not tabulated; sharp DXF corner used
23-0677,23-0677.dxf,97,Equal Angle & Unequal Angle,25.400,15.880,1.000000,PARAMETRIC TABLE,0,HIGH,parametric,parametric_from_table,unequal_angle,0.327,Inside radius not tabulated; sharp DXF corner used
A-108T,A-108T.dxf,97,Equal Angle & Unequal Angle,12.700,12.700,1.000000,PARAMETRIC TABLE,0,HIGH,parametric,parametric_from_table,equal_angle,0.060,Inside radius not tabulated; sharp DXF corner used
A-109-AT,A-109-AT.dxf,97,Equal Angle & Unequal Angle,19.000,19.000,1.000000,PARAMETRIC TABLE,0,HIGH,parametric,parametric_from_table,equal_angle,0.240,Inside radius not tabulated; sharp DXF corner used
A-109T,A-109T.dxf,97,Equal Angle & Unequal Angle,19.000,19.000,1.000000,PARAMETRIC TABLE,0,HIGH,parametric,parametric_from_table,equal_angle,0.090,Inside radius not tabulated; sharp DXF corner used
A-110-AT,A-110-AT.dxf,97,Equal Angle & Unequal Angle,25.400,25.400,1.000000,PARAMETRIC TABLE,0,HIGH,parametric,parametric_from_table,equal_angle,0.326,Inside radius not tabulated; sharp DXF corner used
A-110T,A-110T.dxf,97,Equal Angle & Unequal Angle,25.400,25.400,1.000000,PARAMETRIC TABLE,0,HIGH,parametric,parametric_from_table,equal_angle,0.121,Inside radius not tabulated; sharp DXF corner used
A-111,A-111.dxf,97,Equal Angle & Unequal Angle,38.100,38.100,1.000000,PARAMETRIC TABLE,0,HIGH,parametric,parametric_from_table,equal_angle,0.593,Inside radius not tabulated; sharp DXF corner used
A-111T,A-111T.dxf,97,Equal Angle & Unequal Angle,38.100,38.100,1.000000,PARAMETRIC TABLE,0,HIGH,parametric,parametric_from_table,equal_angle,0.497,Inside radius not tabulated; sharp DXF corner used
A-113,A-113.dxf,97,Equal Angle & Unequal Angle,50.800,50.800,1.000000,PARAMETRIC TABLE,0,HIGH,parametric,parametric_from_table,equal_angle,0.799,Inside radius not tabulated; sharp DXF corner used
AT-A-111A,AT-A-111A.dxf,97,Equal Angle & Unequal Angle,38.100,38.100,1.000000,PARAMETRIC TABLE,0,HIGH,parametric,parametric_from_table,equal_angle,0.907,Inside radius not tabulated; sharp DXF corner used
AT-A-112,AT-A-112.dxf,97,Equal Angle & Unequal Angle,31.700,31.700,1.000000,PARAMETRIC TABLE,0,HIGH,parametric,parametric_from_table,equal_angle,0.505,Inside radius not tabulated; sharp DXF corner used
AT-A-113,AT-A-113.dxf,97,Equal Angle & Unequal Angle,50.800,50.800,1.000000,PARAMETRIC TABLE,0,HIGH,parametric,parametric_from_table,equal_angle,1.230,Inside radius not tabulated; sharp DXF corner used
AT-A-114,AT-A-114.dxf,97,Equal Angle & Unequal Angle,50.800,38.100,1.000000,PARAMETRIC TABLE,0,HIGH,parametric,parametric_from_table,unequal_angle,0.696,Inside radius not tabulated; sharp DXF corner used
SL-904,SL-904.dxf,97,Equal Angle & Unequal Angle,13.000,13.000,1.000000,PARAMETRIC TABLE,0,HIGH,parametric,parametric_from_table,equal_angle,0.112,Inside radius not tabulated; sharp DXF corner used
ST-1132,ST-1132.dxf,97,Equal Angle & Unequal Angle,22.220,12.700,1.000000,PARAMETRIC TABLE,0,HIGH,parametric,parametric_from_table,unequal_angle,0.207,Inside radius not tabulated; sharp DXF corner used
ST-5045,ST-5045.dxf,97,Equal Angle & Unequal Angle,38.000,20.000,1.000000,PARAMETRIC TABLE,0,HIGH,parametric,parametric_from_table,unequal_angle,0.430,Inside radius not tabulated; sharp DXF corner used
UA-101T,UA-101T.dxf,97,Equal Angle & Unequal Angle,19.050,12.700,1.000000,PARAMETRIC TABLE,0,HIGH,parametric,parametric_from_table,unequal_angle,0.075,Inside radius not tabulated; sharp DXF corner used
23-0678,23-0678.dxf,98,Single Channel & Double Channel,31.750,25.400,1.000000,PARAMETRIC TABLE,0,HIGH,parametric,parametric_from_table,single_channel,0.678,
23-0681,23-0681.dxf,98,Single Channel & Double Channel,38.100,25.400,1.000000,PARAMETRIC TABLE,0,HIGH,parametric,parametric_from_table,single_channel,0.709,
ALU-020,ALU-020.dxf,98,Single Channel & Double Channel,9.500,9.500,1.000000,PARAMETRIC TABLE,0,HIGH,parametric,parametric_from_table,single_channel,0.065,
ALU-081,ALU-081.dxf,98,Single Channel & Double Channel,9.900,8.600,1.000000,PARAMETRIC TABLE,0,HIGH,parametric,parametric_from_table,double_channel,0.093,Catalogue A dimension is each half-bay; DXF overall width = 2A
C-101T,C-101T.dxf,98,Single Channel & Double Channel,11.500,10.500,1.000000,PARAMETRIC TABLE,0,HIGH,parametric,parametric_from_table,single_channel,0.075,
C-102T,C-102T.dxf,98,Single Channel & Double Channel,12.700,12.700,1.000000,PARAMETRIC TABLE,0,HIGH,parametric,parametric_from_table,single_channel,0.088,
C-104T,C-104T.dxf,98,Single Channel & Double Channel,6.760,9.530,1.000000,PARAMETRIC TABLE,0,HIGH,parametric,parametric_from_table,single_channel,0.058,
C-105,C-105.dxf,98,Single Channel & Double Channel,19.000,19.000,1.000000,PARAMETRIC TABLE,0,HIGH,parametric,parametric_from_table,single_channel,0.219,
C-106,C-106.dxf,98,Single Channel & Double Channel,25.400,25.400,1.000000,PARAMETRIC TABLE,0,HIGH,parametric,parametric_from_table,single_channel,0.239,
C-107,C-107.dxf,98,Single Channel & Double Channel,38.100,31.750,1.000000,PARAMETRIC TABLE,0,HIGH,parametric,parametric_from_table,single_channel,0.776,
C-108,C-108.dxf,98,Single Channel & Double Channel,38.100,38.100,1.000000,PARAMETRIC TABLE,0,HIGH,parametric,parametric_from_table,single_channel,0.927,
C-108A,C-108A.dxf,98,Single Channel & Double Channel,38.100,38.100,1.000000,PARAMETRIC TABLE,0,HIGH,parametric,parametric_from_table,single_channel,1.344,
C-109,C-109.dxf,98,Single Channel & Double Channel,7.900,9.000,1.000000,PARAMETRIC TABLE,0,HIGH,parametric,parametric_from_table,single_channel,0.052,
C-201T,C-201T.dxf,98,Single Channel & Double Channel,13.000,9.600,1.000000,PARAMETRIC TABLE,0,HIGH,parametric,parametric_from_table,double_channel,0.108,Catalogue A dimension is each half-bay; DXF overall width = 2A
C-202T,C-202T.dxf,98,Single Channel & Double Channel,19.300,9.600,1.000000,PARAMETRIC TABLE,0,HIGH,parametric,parametric_from_table,double_channel,0.124,Catalogue A dimension is each half-bay; DXF overall width = 2A
C-203T,C-203T.dxf,98,Single Channel & Double Channel,9.900,12.800,1.000000,PARAMETRIC TABLE,0,HIGH,parametric,parametric_from_table,double_channel,0.124,Catalogue A dimension is each half-bay; DXF overall width = 2A
C-205,C-205.dxf,98,Single Channel & Double Channel,18.300,9.100,1.000000,PARAMETRIC TABLE,0,HIGH,parametric,parametric_from_table,double_channel,0.117,Catalogue A dimension is each half-bay; DXF overall width = 2A
